Playstyle,Description,PlaystylePlus_Name,Req_Attr1,Req_Val1,Req_Attr2,Req_Val2,Req_Attr3,Req_Val3
Power Header,Increased power and accuracy when performing headers.,Power Header+,Jumping,75,Heading Accuracy,80,,
Dead Ball,"Set pieces are delivered with increased speed, curve and accuracy. Ball trajectory line includes a longer preview.",Dead Ball+,Shot Power,75,FK Accuracy,80,Curve,80
Pinged Pass,Passes travel faster along the ground without impacting the trapping difficulty of the receiver.,Pinged Pass+,Vision,75,Short Passing,80,,
Long Ball Pass,"Lob and lofted through passes are more accurate, travel faster and are more difficult to intercept.",Long Ball Pass+,Vision,75,Long Passing,80,,
Incisive Pass,"Through passes are more accurate, swerve passes are delivered with more curve, and precision passes travel faster to the destination.",Incisive Pass+,Vision,80,Short Passing,75,,
Finesse Shot,Performs finesse shots with additional curve and improved accuracy.,Finesse Shot+,Finishing,80,Curve,80,,
Power Shot,Performs power shots faster and with increased speed.,Power Shot+,Shot Power,80,Long Shots,80,,
Rapid,Reaches a higher sprint speed while dribbling and has a reduced chance of an error when sprinting or performing knock-ons.,Rapid+,Sprint Speed,80,Dribbling,80,,
Chip Shot,Performs chip shots with improved accuracy.,Chip Shot+,Finishing,75,Composure,80,,
Block,Increased reach when performing blocks and improved ability to make a successful block.,Block+,Agility,80,Strength,75,Reactions,80
Slide Tackle,Grants the ability to stop the ball directly at their feet when performing a slide tackle.,Slide Tackle+,Aggression,80,Sliding Tackle,75,,
Intercept,Increased reach and improved chances of retaining possession of the ball when performing interceptions.,Intercept+,Interceptions,80,Aggression,80,,
Press Proven,Keeps close control of the ball while dribbling at jog speed and can shield the ball more effectively from stronger opponents.,Press Proven+,Strength,80,Composure,80,Ball Control,80
Anticipate,"Improved chances of standing tackle success and grants the ability to stop the ball directly at their feet when performing a standing tackle.",Anticipate+,Balance,80,Standing Tackle,80,Defensive Awareness,75
First Touch,Has reduced error when trapping the ball and is able to transition to dribbling faster with greater control.,First Touch+,Composure,75,Ball Control,75,,
Technical,Reaches a higher sprint speed when performing controlled sprint and performs wide turns while dribbling with more precision.,Technical+,Dribbling,80,Ball Control,80,,
Quick Step,Accelerates faster during explosive sprint.,Quick Step+,Acceleration,75,Sprint Speed,80,Stamina,80
Flair,Fancy passes and shots are performed with improved accuracy. Performs flair animations when contextually appropriate.,Flair+,Agility,80,Vision,80,,
Bruiser,Greater strength when performing physical tackles.,Bruiser+,Strength,75,Aggression,80,Defensive Awareness,80
Jockey,Increased max speed of sprint jockey and improved transition speed from jockey to sprint.,Jockey+,Agility,80,Defensive Awareness,80,,
Trickster,Grants the ability to perform unique flick-ups.,Trickster+,Agility,80,Dribbling,80,,
Relentless,Increases stamina recovery during halftime and reduces fatigue effects on attributes.,Relentless+,Agility,80,Stamina,80,,
Acrobatic,Performs volleys with improved accuracy and has access to acrobatic volley animations.,Acrobatic+,Agility,80,Volleys,80,,
Aerial,Performs higher jumps and has improved aerial physical presence.,Aerial+,Jumping,80,Strength,80,,
Whipped Pass,"All crosses are highly accurate, travel faster and with more curve.",Whipped Pass+,Crossing,80,Curve,80,,
Trivela,"Contextually triggers ""outside of the foot"" passes and shots.",Trivela+,Curve,80,Finishing,75,Short Passing,75
Tiki Taka,"Executes difficult first-time Ground Passes with high accuracy, using backheels when contextually appropriate. Short distance Ground Passes are highly accurate.",Tiki Taka+,Short Passing,80,Attack Positioning,80,,
Far Throw,Throws the ball further than average.,Far Throw+,Strength,80,Vision,80,Long Passing,75
Long Throw,Throws the ball further than Far Throw.,Long Throw+,Strength,85,Vision,85,Long Passing,80
